{"cameraMode":{"drawMode":0,"name":"Shaded","section":"Shading Mode"},"sceneLighting":true,"audioPlay":false,"sceneViewState":{"showFog":true,"showMaterialUpdate":false,"showSkybox":true,"showFlares":true,"showImageEffects":true,"showParticleSystems":true},"in2DMode":false,"pivot":{"x":-5.084124565124512,"y":-19.643360137939454,"z":32.240753173828128},"rotation":{"x":0.2612382471561432,"y":-0.007248373702168465,"z":0.0019476314773783088,"w":0.965258777141571},"size":21.6009578704834,"orthographic":false}