{"cameraMode":{"drawMode":0,"name":"Shaded","section":"Shading Mode"},"sceneLighting":true,"audioPlay":false,"sceneViewState":{"showFog":true,"showMaterialUpdate":false,"showSkybox":true,"showFlares":true,"showImageEffects":true,"showParticleSystems":true},"in2DMode":false,"pivot":{"x":97.77400207519531,"y":-65.74710083007813,"z":294.18402099609377},"rotation":{"x":0.26119300723075869,"y":0.6549345254898071,"z":-0.2591785788536072,"w":0.6600736975669861},"size":1.601241946220398,"orthographic":false}