{"cameraMode":{"drawMode":0,"name":"Shaded","section":"Shading Mode"},"sceneLighting":true,"audioPlay":false,"sceneViewState":{"showFog":true,"showMaterialUpdate":false,"showSkybox":true,"showFlares":true,"showImageEffects":true,"showParticleSystems":true},"in2DMode":false,"pivot":{"x":-1.6871988773345948,"y":-30.41921615600586,"z":37.71718215942383},"rotation":{"x":0.338418185710907,"y":-0.019768042489886285,"z":0.00709955208003521,"w":0.9407780170440674},"size":25.659711837768556,"orthographic":false}